{
  "best_model": "XGBoost",
  "cv": {
    "Ridge": {
      "cv_rmse_mean": 0.6984700662586832,
      "cv_rmse_std": 0.01641661833970571,
      "cv_r2_mean": 0.6858943126117192,
      "cv_r2_std": 0.010119081195486901
    },
    "Random Forest": {
      "cv_rmse_mean": 0.5667512599169372,
      "cv_rmse_std": 0.006257692969455112,
      "cv_r2_mean": 0.7931668631512678,
      "cv_r2_std": 0.004371775938890703
    },
    "XGBoost": {
      "cv_rmse_mean": 0.5371629917487677,
      "cv_rmse_std": 0.008781378845067607,
      "cv_r2_mean": 0.8142058501018872,
      "cv_r2_std": 0.004775543657751009
    },
    "LightGBM": {
      "cv_rmse_mean": 0.5360412393641573,
      "cv_rmse_std": 0.008006213493690349,
      "cv_r2_mean": 0.8149537901138274,
      "cv_r2_std": 0.005479792028028213
    }
  },
  "test": {
    "Ridge": {
      "test_rmse_log": 0.7063064846737779,
      "test_mae_log": 0.554114247090038,
      "test_r2": 0.6737656831501566,
      "test_mae_raw_hits": 16.8561463671025
    },
    "Random Forest": {
      "test_rmse_log": 0.5691503017237796,
      "test_mae_log": 0.44155246771415646,
      "test_r2": 0.7881652538942998,
      "test_mae_raw_hits": 11.62183775646898
    },
    "XGBoost": {
      "test_rmse_log": 0.5359505444562034,
      "test_mae_log": 0.41281595577352503,
      "test_r2": 0.8121580064854803,
      "test_mae_raw_hits": 11.135835858140133
    },
    "LightGBM": {
      "test_rmse_log": 0.5366267402071219,
      "test_mae_log": 0.4136651186514478,
      "test_r2": 0.8116837161357252,
      "test_mae_raw_hits": 11.154097201414878
    }
  }
}